symbol,company_name,sector,fiscal_period,report_date,eps,pe,pb,dividend_yield,revenue,revenue_growth_yoy,revenue_growth_qoq,net_profit,net_profit_margin,roe,roa,debt_to_equity,current_ratio,quick_ratio,book_value_per_share,npl_ratio,casa_ratio,source,source_url
ACLBSL,Aarambha Chautari Laghubitta Bittiya Sanstha Limited,Microfinance,2nd Quarter 2082/2083,2026-02-03,32.57,29.76,5.7,0.0,258491.94,0.0,0.0,59784.46,23.1282,19.16,1.84,9.4343,0.0,0.0,169.98,5.2,,SHARESANSAR_QUARTERLY_REPORT,https://www.sharesansar.com/company/ACLBSL
AHL,Asian Hydropower Limited,Hydropower,2nd Quarter 2082/2083,2026-02-12,0.0,0.0,0.0,0.0,0.0,0.0,0.0,-28907.89,0.0,0.0,0.0,0.0,0.3819,0.3819,0.0,,,SHARESANSAR_QUARTERLY_REPORT,https://www.sharesansar.com/company/AHL
AHPC,Arun Valley Hydropower Development Company Limited,Hydropower,2nd Quarter 2082/2083,2026-02-13,0.0,0.0,0.0,0.0,0.0,0.0,0.0,100063.38,0.0,0.0,0.0,0.0,16.2971,16.2971,0.0,,,SHARESANSAR_QUARTERLY_REPORT,https://www.sharesansar.com/company/AHPC
AKJCL,Ankhukhola Hydropower Company Limited,Hydropower,3rd Quarter 2082/2083,2026-04-24,0.0,0.0,0.0,0.0,0.0,0.0,0.0,38335.96,0.0,0.0,0.0,0.0,2.946,2.946,0.0,,,SHARESANSAR_QUARTERLY_REPORT,https://www.sharesansar.com/company/AKJCL
AKPL,Arun Kabeli Power Limited,Hydropower,2nd Quarter 2082/2083,2026-02-12,0.0,0.0,0.0,0.0,0.0,0.0,0.0,154487.61,0.0,0.0,0.0,0.0,2.6272,2.6272,0.0,,,SHARESANSAR_QUARTERLY_REPORT,https://www.sharesansar.com/company/AKPL
ALBSL,Asha Laghubitta Bittiya Sanstha Limited,Microfinance,3rd Quarter 2082/2083,2026-04-30,29.28,39.18,7.0,0.0,725207.54,0.0,0.0,176262.59,24.3051,17.86,1.95,8.1508,0.0,0.0,163.92,9.88,,SHARESANSAR_QUARTERLY_REPORT,https://www.sharesansar.com/company/ALBSL
ANLB,Aatmanirbhar Laghubitta Bittiya Sanstha Limited,Microfinance,3rd Quarter 2082/2083,2026-04-29,82.49,78.37,13.34,0.0,109832.7,0.0,0.0,48469.67,44.1305,17.02,3.1,4.4918,0.0,0.0,484.74,11.17,,SHARESANSAR_QUARTERLY_REPORT,https://www.sharesansar.com/company/ANLB
API,Api Power Company Limited,Hydropower,2nd Quarter 2082/2083,2026-02-11,0.0,0.0,0.0,0.0,0.0,0.0,0.0,426221.66,0.0,0.0,0.0,0.0,0.4686,0.4686,0.0,,,SHARESANSAR_QUARTERLY_REPORT,https://www.sharesansar.com/company/API
AVYAN,Aviyan Laghubitta Bittiya Sanstha Limited,Microfinance,3rd Quarter 2082/2083,2026-05-04,52.53,22.14,7.37,0.0,251821.18,0.0,0.0,98498.19,39.1143,33.28,3.58,8.3004,0.0,0.0,157.84,5.14,,SHARESANSAR_QUARTERLY_REPORT,https://www.sharesansar.com/company/AVYAN
BARUN,Barun Hydropower Company Limited,Hydropower,2nd Quarter 2082/2083,2026-02-12,0.0,0.0,0.0,0.0,0.0,0.0,0.0,21696.03,0.0,0.0,0.0,0.0,12.7923,12.7923,0.0,,,SHARESANSAR_QUARTERLY_REPORT,https://www.sharesansar.com/company/BARUN
BEDC,Bhugol Energy Development Company Limited,Hydropower,2nd Quarter 2082/2083,2026-02-17,0.0,0.0,0.0,0.0,0.0,0.0,0.0,2946.17,0.0,0.0,0.0,0.0,3.6987,3.6987,0.0,,,SHARESANSAR_QUARTERLY_REPORT,https://www.sharesansar.com/company/BEDC
BFC,Best Finance Company Limited,Finance,3rd Quarter 2082/2083,2026-04-28,8.8,52.93,4.13,0.0,120489.33,0.0,0.0,58755.96,48.7645,7.81,1.05,6.4237,0.0,0.0,112.72,13.08,,SHARESANSAR_QUARTERLY_REPORT,https://www.sharesansar.com/company/BFC
BGWT,Bhagawati Hydropower Development Company Limited,Hydropower,2nd Quarter 2082/2083,2026-02-11,0.0,0.0,0.0,0.0,0.0,0.0,0.0,31259.34,0.0,0.0,0.0,0.0,15.6919,15.6919,0.0,,,SHARESANSAR_QUARTERLY_REPORT,https://www.sharesansar.com/company/BGWT
BHCL,Bikash Hydropower Company Limited,Hydropower,2nd Quarter 2082/2083,2026-02-03,0.0,0.0,0.0,0.0,0.0,0.0,0.0,50215.78,0.0,0.0,0.0,0.0,3.9919,3.9919,0.0,,,SHARESANSAR_QUARTERLY_REPORT,https://www.sharesansar.com/company/BHCL
BHDC,Bindhyabasini Hydropower Development Company Limited,Hydropower,2nd Quarter 2082/2083,2026-02-09,0.0,0.0,0.0,0.0,0.0,0.0,0.0,112045.57,0.0,0.0,0.0,0.0,1.9525,1.9525,0.0,,,SHARESANSAR_QUARTERLY_REPORT,https://www.sharesansar.com/company/BHDC
BHL,Balephi Hydropower Limited,Hydropower,2nd Quarter 2082/2083,2026-02-13,0.0,0.0,0.0,0.0,0.0,0.0,0.0,228148.23,0.0,0.0,0.0,0.0,2.4172,2.4172,0.0,,,SHARESANSAR_QUARTERLY_REPORT,https://www.sharesansar.com/company/BHL
BHPL,Barahi Hydropower Public Limited,Hydropower,3rd Quarter 2082/2083,2026-05-04,0.0,0.0,0.0,0.0,0.0,0.0,0.0,-1098.03,0.0,0.0,0.0,0.0,1.4339,1.4339,0.0,,,SHARESANSAR_QUARTERLY_REPORT,https://www.sharesansar.com/company/BHPL
BNHC,Buddha Bhumi Nepal Hydropower Company Limited,Hydropower,2nd Quarter 2082/2083,2026-02-12,0.0,0.0,0.0,0.0,0.0,0.0,0.0,20481.43,0.0,0.0,0.0,0.0,0.6263,0.6263,0.0,,,SHARESANSAR_QUARTERLY_REPORT,https://www.sharesansar.com/company/BNHC
BPCL,Butwal Power Company Limited,Hydropower,2nd Quarter 2082/2083,2026-02-11,0.0,0.0,0.0,0.0,0.0,0.0,0.0,225380.0,0.0,0.0,0.0,0.0,3.6717,3.6717,0.0,,,SHARESANSAR_QUARTERLY_REPORT,https://www.sharesansar.com/company/BPCL
BUNGAL,Bungal Hydro Limited,Hydropower,2nd Quarter 2082/2083,2026-02-11,0.0,0.0,0.0,0.0,0.0,0.0,0.0,27739.36,0.0,0.0,0.0,0.0,0.2362,0.2362,0.0,,,SHARESANSAR_QUARTERLY_REPORT,https://www.sharesansar.com/company/BUNGAL
CBBL,Chhimek Laghubitta Bittiya Sanstha Limited,Microfinance,2nd Quarter 2082/2083,2026-02-06,31.85,28.88,3.94,0.0,1642362.83,0.0,0.0,576096.51,35.0773,13.63,2.1,5.4971,0.0,0.0,233.66,2.45,,SHARESANSAR_QUARTERLY_REPORT,https://www.sharesansar.com/company/CBBL
CFCL,Central Finance Limited,Finance,3rd Quarter 2082/2083,2026-04-28,5.19,101.74,4.61,0.0,181458.01,0.0,0.0,36938.26,20.3564,4.53,0.5,8.1457,0.0,0.0,114.62,14.17,,SHARESANSAR_QUARTERLY_REPORT,https://www.sharesansar.com/company/CFCL
CHCL,Chilime Hydro power Company Limited,Hydropower,3rd Quarter 2082/2083,2026-05-03,0.0,0.0,0.0,0.0,0.0,0.0,0.0,456995.1,0.0,0.0,0.0,0.0,22.0086,22.0086,0.0,,,SHARESANSAR_QUARTERLY_REPORT,https://www.sharesansar.com/company/CHCL
CHL,Chhyangdi Hydropower Company Limited,Hydropower,2nd Quarter 2082/2083,2026-02-10,0.0,0.0,0.0,0.0,0.0,0.0,0.0,23323.76,0.0,0.0,0.0,0.0,3.02,3.02,0.0,,,SHARESANSAR_QUARTERLY_REPORT,https://www.sharesansar.com/company/CHL
CITY,City Hotel Limited,Hotel & Tourism,2nd Quarter 2082/2083,2026-02-09,0.0,0.0,4.77,0.0,0.0,0.0,0.0,-100938.26,0.0,0.0,0.0,0.0,2.5096,2.5096,0.0,,,SHARESANSAR_QUARTERLY_REPORT,https://www.sharesansar.com/company/CITY
CKHL,Chirkhwa Hydro Power Limited,Hydropower,2nd Quarter 2082/2083,2026-02-12,0.0,0.0,0.0,0.0,0.0,0.0,0.0,35084.61,0.0,0.0,0.0,0.0,3.02,3.02,0.0,,,SHARESANSAR_QUARTERLY_REPORT,https://www.sharesansar.com/company/CKHL
CORBL,Corporate Development Bank Limited,Development Bank,3rd Quarter 2082/2083,2026-04-28,12.26,148.73,13.09,0.0,67936.15,0.0,0.0,48263.02,71.0417,8.8,2.03,3.3381,0.0,0.0,139.27,6.36,,SHARESANSAR_QUARTERLY_REPORT,https://www.sharesansar.com/company/CORBL
CYCL,CYC Nepal Laghubitta Bittiya Sanstha Limited,Microfinance,2nd Quarter 2082/2083,2026-02-09,27.99,54.55,5.68,0.0,238049.48,0.0,0.0,37289.69,15.6647,10.42,1.03,9.158,0.0,0.0,268.72,18.48,,SHARESANSAR_QUARTERLY_REPORT,https://www.sharesansar.com/company/CYCL
CZBIL,Citizens Bank International Limited,Commercial Bank,3rd Quarter 2082/2083,2026-04-28,11.23,18.71,1.35,0.0,5596216.82,0.0,0.0,1306461.35,23.3454,7.2,0.7,9.2765,0.0,0.0,155.99,6.82,,SHARESANSAR_QUARTERLY_REPORT,https://www.sharesansar.com/company/CZBIL
DDBL,Deprosc Laghubitta Bittiya Sanstha Limited,Microfinance,3rd Quarter 2082/2083,2026-05-06,44.13,19.06,3.96,0.0,1734204.83,0.0,0.0,680132.17,39.2187,20.79,3.13,5.6349,0.0,0.0,212.26,7.52,,SHARESANSAR_QUARTERLY_REPORT,https://www.sharesansar.com/company/DDBL
DHEL,Daramkhola Hydro Energy Limited,Hydropower,2nd Quarter 2082/2083,2026-02-18,0.0,0.0,0.0,0.0,0.0,0.0,0.0,-8507.78,0.0,0.0,0.0,0.0,0.3371,0.3371,0.0,,,SHARESANSAR_QUARTERLY_REPORT,https://www.sharesansar.com/company/DHEL
DHPL,Dibyashwari Hydropower Company Limited,Hydropower,3rd Quarter 2082/2083,2026-04-28,0.0,0.0,0.0,0.0,0.0,0.0,0.0,5784.5,0.0,0.0,0.0,0.0,0.1484,0.1484,0.0,,,SHARESANSAR_QUARTERLY_REPORT,https://www.sharesansar.com/company/DHPL
DLBS,Dhaulagiri Laghubitta Bittiya Sanstha Limited,Microfinance,3rd Quarter 2082/2083,2026-05-07,18.29,71.63,8.81,0.0,110918.04,0.0,0.0,18255.5,16.4585,12.3,0.97,11.6295,0.0,0.0,148.7,23.62,,SHARESANSAR_QUARTERLY_REPORT,https://www.sharesansar.com/company/DLBS
DOLTI,Dolti Power Company Ltd,Hydropower,2nd Quarter 2082/2083,2026-02-18,0.0,0.0,0.0,0.0,0.0,0.0,0.0,8723.69,0.0,0.0,0.0,0.0,1.069,1.069,0.0,,,SHARESANSAR_QUARTERLY_REPORT,https://www.sharesansar.com/company/DOLTI
DORDI,Dordi Khola Hydropower Company Limited,Hydropower,2nd Quarter 2082/2083,2026-02-13,0.0,0.0,0.0,0.0,0.0,0.0,0.0,7279.18,0.0,0.0,0.0,0.0,4.8373,4.8373,0.0,,,SHARESANSAR_QUARTERLY_REPORT,https://www.sharesansar.com/company/DORDI
EBL,Everest Bank Limited,Commercial Bank,3rd Quarter 2082/2083,2026-04-27,32.35,21.58,2.86,0.0,8286110.0,0.0,0.0,3329316.0,40.1795,13.24,1.17,10.2985,0.0,0.0,244.27,0.61,,SHARESANSAR_QUARTERLY_REPORT,https://www.sharesansar.com/company/EBL
EDBL,Excel Development Bank Limited,Development Bank,3rd Quarter 2082/2083,2026-04-28,16.61,35.43,3.2,0.0,477820.86,0.0,0.0,155717.28,32.5891,9.03,1.03,7.7875,0.0,0.0,184.0,6.59,,SHARESANSAR_QUARTERLY_REPORT,https://www.sharesansar.com/company/EDBL
EHPL,Eastern Hydropower Limited,Hydropower,2nd Quarter 2082/2083,2026-02-17,0.0,0.0,0.0,0.0,0.0,0.0,0.0,30710.82,0.0,0.0,0.0,0.0,2.5592,2.5592,0.0,,,SHARESANSAR_QUARTERLY_REPORT,https://www.sharesansar.com/company/EHPL
FMDBL,First Microfinance Laghubitta Bittiya Sanstha Limited,Microfinance,3rd Quarter 2082/2083,2026-05-05,11.27,73.22,6.27,0.0,167869.19,0.0,0.0,113712.97,67.739,8.57,2.62,2.2654,0.0,0.0,131.53,4.36,,SHARESANSAR_QUARTERLY_REPORT,https://www.sharesansar.com/company/FMDBL
FOWAD,Forward Microfinance Laghubitta Bittiya Sanstha Limited,Microfinance,2nd Quarter 2082/2083,2026-04-28,31.98,33.83,4.61,0.0,798812.67,0.0,0.0,191235.42,23.94,13.63,1.67,7.1768,0.0,0.0,234.69,8.92,,SHARESANSAR_QUARTERLY_REPORT,https://www.sharesansar.com/company/FOWAD
GBBL,Garima Bikas Bank Limited,Development Bank,3rd Quarter 2082/2083,2026-04-28,23.21,17.79,2.46,0.0,3237745.23,0.0,0.0,1048231.02,32.3753,13.85,1.29,9.732,0.0,0.0,167.58,4.77,,SHARESANSAR_QUARTERLY_REPORT,https://www.sharesansar.com/company/GBBL
GBIME,Global IME Bank Limited,Commercial Bank,3rd Quarter 2082/2083,2026-04-28,15.4,15.46,1.33,0.0,14491558.0,0.0,0.0,4401177.0,30.3706,8.62,0.76,10.3872,0.0,0.0,178.53,4.97,,SHARESANSAR_QUARTERLY_REPORT,https://www.sharesansar.com/company/GBIME
GBLBS,Grameen Bikas Laghubitta Bittiya Sanstha Limited,Microfinance,3rd Quarter 2082/2083,2026-05-07,40.0,19.63,2.66,0.0,1097039.03,0.0,0.0,301588.72,27.4912,13.55,2.47,4.4921,0.0,0.0,295.18,4.94,,SHARESANSAR_QUARTERLY_REPORT,https://www.sharesansar.com/company/GBLBS
GFCL,Goodwill Finance Company Limited,Finance,3rd Quarter 2082/2083,2026-04-28,14.28,45.04,3.1,0.0,345940.31,0.0,0.0,101336.5,29.2931,6.89,0.76,8.1203,0.0,0.0,207.18,80.48,,SHARESANSAR_QUARTERLY_REPORT,https://www.sharesansar.com/company/GFCL
GHL,Ghalemdi Hydro Limited,Hydropower,2nd Quarter 2082/2083,2026-02-10,0.0,0.0,0.0,0.0,0.0,0.0,0.0,-17025.3,0.0,0.0,0.0,0.0,25.9133,25.9133,0.0,,,SHARESANSAR_QUARTERLY_REPORT,https://www.sharesansar.com/company/GHL
GILB,Global IME Laghubitta Bittiya Sanstha Limited,Microfinance,2nd Quarter 2082/2083,2026-03-26,32.67,35.6,5.9,0.0,521813.55,0.0,0.0,105905.61,20.2957,16.56,1.95,7.4975,0.0,0.0,197.29,8.96,,SHARESANSAR_QUARTERLY_REPORT,https://www.sharesansar.com/company/GILB
GLBSL,Gurans Laghubitta Bittiya Sanstha Limited,Microfinance,2nd Quarter 2082/2083,2026-04-24,40.22,47.98,12.11,0.0,88269.36,0.0,0.0,26620.45,30.1582,25.25,2.31,9.913,0.0,0.0,159.33,3.13,,SHARESANSAR_QUARTERLY_REPORT,https://www.sharesansar.com/company/GLBSL
GLH,Greenlife Hydropower Limited,Hydropower,1st Quarter 2082/2083,2026-03-11,0.0,0.0,0.0,0.0,0.0,0.0,0.0,10823.37,0.0,0.0,0.0,0.0,0.0251,0.0251,0.0,,,SHARESANSAR_QUARTERLY_REPORT,https://www.sharesansar.com/company/GLH
GMFBS,Ganapati Laghubitta Bittiya Sanstha Limited,Microfinance,2nd Quarter 2082/2083,2026-02-11,-2.36,0.0,7.0442,0.0,102264.1,0.0,0.0,-3569.47,-3.4904,0.0,0.0,8.0769,0.0,0.0,185.26,14.37,,SHARESANSAR_QUARTERLY_REPORT,https://www.sharesansar.com/company/GMFBS
GRDBL,Green Development Bank Limited,Development Bank,3rd Quarter 2082/2083,2026-04-28,7.63,138.85,9.07,0.0,181717.56,0.0,0.0,35240.1,19.3928,6.54,0.69,8.4819,0.0,0.0,116.8,4.32,,SHARESANSAR_QUARTERLY_REPORT,https://www.sharesansar.com/company/GRDBL
GUFL,Gurkhas Finance Limited,Finance,3rd Quarter 2082/2083,2026-04-28,19.89,26.9,3.39,0.0,241900.02,0.0,0.0,129474.71,53.5241,12.6,1.6,6.8533,0.0,0.0,157.88,17.71,,SHARESANSAR_QUARTERLY_REPORT,https://www.sharesansar.com/company/GUFL
HBL,Himalayan Bank Limited,Commercial Bank,3rd Quarter 2082/2083,2026-04-28,4.5,46.31,1.21,0.0,7495598.51,0.0,0.0,762536.32,10.1731,2.62,0.25,9.4785,0.0,0.0,171.96,7.98,,SHARESANSAR_QUARTERLY_REPORT,https://www.sharesansar.com/company/HBL
HDHPC,Himal Dolakha Hydropower Company Limited,Hydropower,2nd Quarter 2082/2083,2026-02-18,0.0,0.0,0.0,0.0,0.0,0.0,0.0,-60494.17,0.0,0.0,0.0,0.0,23.0177,23.0177,0.0,,,SHARESANSAR_QUARTERLY_REPORT,https://www.sharesansar.com/company/HDHPC
HHL,Himalayan Hydropower Limited,Hydropower,2nd Quarter 2082/2083,2026-02-10,0.0,0.0,0.0,0.0,0.0,0.0,0.0,59045.72,0.0,0.0,0.0,0.0,3.7082,3.7082,0.0,,,SHARESANSAR_QUARTERLY_REPORT,https://www.sharesansar.com/company/HHL
HIDCL,Hydroelectricity Investment and Development Company Limited,Hydropower,2nd Quarter 2075/2076,2026-02-10,0.0,0.0,0.0,0.0,0.0,0.0,0.0,567221.44,0.0,0.0,0.0,0.0,49.605,49.605,0.0,,,SHARESANSAR_QUARTERLY_REPORT,https://www.sharesansar.com/company/HIDCL
HLBSL,Himalayan Laghubitta Bittiya Sanstha Limited (Former Civil Laghubitta),Microfinance,3rd Quarter 2082/2083,2026-04-29,31.68,29.19,5.19,0.0,351313.22,0.0,0.0,81053.71,23.0716,17.8,1.88,8.472,0.0,0.0,178.01,10.04,,SHARESANSAR_QUARTERLY_REPORT,https://www.sharesansar.com/company/HLBSL
HPPL,Himalayan Power Partner Limited,Hydropower,2nd Quarter 2082/2083,2026-02-12,0.0,0.0,0.0,0.0,0.0,0.0,0.0,107055.65,0.0,0.0,0.0,0.0,0.8135,0.8135,0.0,,,SHARESANSAR_QUARTERLY_REPORT,https://www.sharesansar.com/company/HPPL
ICFC,ICFC Finance Limited,Finance,3rd Quarter 2082/2083,2026-04-28,11.62,55.86,3.68,0.0,527839.32,0.0,0.0,103122.03,19.5366,6.58,0.54,11.2889,0.0,0.0,176.61,2.68,,SHARESANSAR_QUARTERLY_REPORT,https://www.sharesansar.com/company/ICFC
IHL,Ingwa Hydropower Ltd,Hydropower,3rd Quarter 2082/2083,2026-04-30,0.0,0.0,0.0,0.0,0.0,0.0,0.0,11871.12,0.0,0.0,0.0,0.0,0.684,0.684,0.0,,,SHARESANSAR_QUARTERLY_REPORT,https://www.sharesansar.com/company/IHL
ILBS,Infinity Laghubitta Bittiya Sanstha Limited,Microfinance,2nd Quarter 2082/2083,2026-02-08,24.07,40.72,7.16,0.0,243361.49,0.0,0.0,59866.11,24.5997,17.59,1.99,7.8343,0.0,0.0,136.88,17.85,,SHARESANSAR_QUARTERLY_REPORT,https://www.sharesansar.com/company/ILBS
JBLB,Jeevan Bikas Laghubitta Bittiya Sanstha Limited,Microfinance,3rd Quarter 2082/2083,2026-04-28,47.73,26.84,5.02,0.0,1914368.86,0.0,0.0,626927.76,32.7485,18.7,2.56,6.3156,0.0,0.0,255.24,4.8,,SHARESANSAR_QUARTERLY_REPORT,https://www.sharesansar.com/company/JBLB
JFL,Janaki Finance Company Limited,Finance,3rd Quarter 2082/2083,2026-04-29,-4.21,0.0,0.0,0.0,70249.27,0.0,0.0,-29089.56,-41.4091,0.0,0.0,0.0,0.0,0.0,-6.46,59.12,,SHARESANSAR_QUARTERLY_REPORT,https://www.sharesansar.com/company/JFL
JOSHI,Joshi Hydropower Development Company Limited,Hydropower,2nd Quarter 2082/2083,2026-02-16,0.0,0.0,0.0,0.0,0.0,0.0,0.0,-21958.56,0.0,0.0,0.0,0.0,0.1569,0.1569,0.0,,,SHARESANSAR_QUARTERLY_REPORT,https://www.sharesansar.com/company/JOSHI
JSLBB,Janautthan Samudayic Laghubitta Bittiya Sanstha Limited,Microfinance,2nd Quarter 2082/2083,2026-02-10,11.8,98.25,6.78,0.0,74528.55,0.0,0.0,10032.59,13.4614,6.9,0.86,7.0061,0.0,0.0,170.87,9.15,,SHARESANSAR_QUARTERLY_REPORT,https://www.sharesansar.com/company/JSLBB
KBL,Kumari Bank Limited,Commercial Bank,3rd Quarter 2082/2083,2026-04-28,21.24,10.78,1.44,0.0,11574372.92,0.0,0.0,4178048.4,36.0974,13.4,1.17,10.4085,0.0,0.0,158.53,6.94,,SHARESANSAR_QUARTERLY_REPORT,https://www.sharesansar.com/company/KBL
KBSH,Kutheli Bukhari Small Hydropower Limited,Hydropower,2nd Quarter 2082/2083,2026-02-12,0.0,0.0,0.0,0.0,0.0,0.0,0.0,8320.44,0.0,0.0,0.0,0.0,3.9779,3.9779,0.0,,,SHARESANSAR_QUARTERLY_REPORT,https://www.sharesansar.com/company/KBSH
KKHC,Khani Khola Hydropower Company Limited,Hydropower,2nd Quarter 2082/2083,2026-02-08,0.0,0.0,0.0,0.0,0.0,0.0,0.0,-6933.36,0.0,0.0,0.0,0.0,8.3293,8.3293,0.0,,,SHARESANSAR_QUARTERLY_REPORT,https://www.sharesansar.com/company/KKHC
KMCDB,Kalika Laghubitta Bittiya Sanstha Limited,Microfinance,2nd Quarter 2082/2083,2026-02-06,26.09,36.53,5.79,0.0,217670.78,0.0,0.0,58499.32,26.8751,15.84,2.18,6.2796,0.0,0.0,164.7,11.42,,SHARESANSAR_QUARTERLY_REPORT,https://www.sharesansar.com/company/KMCDB
KPCL,Kalika Power Company Limited,Hydropower,2nd Quarter 2082/2083,2026-02-11,0.0,0.0,0.0,0.0,0.0,0.0,0.0,75060.36,0.0,0.0,0.0,0.0,18.1206,18.1206,0.0,,,SHARESANSAR_QUARTERLY_REPORT,https://www.sharesansar.com/company/KPCL
KSBBL,Kamana Sewa Bikas Bank Limited,Development Bank,3rd Quarter 2082/2083,2026-04-19,19.24,26.87,3.16,0.0,2065134.67,0.0,0.0,588698.72,28.5066,11.76,1.06,10.093,0.0,0.0,163.57,4.1,,SHARESANSAR_QUARTERLY_REPORT,https://www.sharesansar.com/company/KSBBL
LBBL,Lumbini Bikas Bank Limited,Development Bank,3rd Quarter 2082/2083,2026-04-28,20.67,24.0,2.42,0.0,1580200.64,0.0,0.0,561683.38,35.5451,10.06,1.13,7.8798,0.0,0.0,205.4,6.49,,SHARESANSAR_QUARTERLY_REPORT,https://www.sharesansar.com/company/LBBL
LEC,Liberty Energy Company Limited,Hydropower,2nd Quarter 2082/2083,2026-02-11,0.0,0.0,0.0,0.0,0.0,0.0,0.0,-8737.42,0.0,0.0,0.0,0.0,5.0396,5.0396,0.0,,,SHARESANSAR_QUARTERLY_REPORT,https://www.sharesansar.com/company/LEC
LLBS,Laxmi Laghubitta Bittiya Sanstha Limited,Microfinance,2nd Quarter 2082/2083,2026-02-11,15.31,60.93,4.97,0.0,254105.11,0.0,0.0,33815.23,13.3076,8.16,0.98,7.2928,0.0,0.0,187.67,13.04,,SHARESANSAR_QUARTERLY_REPORT,https://www.sharesansar.com/company/LLBS
LSL,Laxmi Sunrise Bank Limited,Commercial Bank,3rd Quarter 2082/2083,2026-04-28,10.15,21.24,1.23,0.0,9613588.0,0.0,0.0,2038184.0,21.2011,5.8,0.55,9.4644,0.0,0.0,175.08,5.29,,SHARESANSAR_QUARTERLY_REPORT,https://www.sharesansar.com/company/LSL
MABEL,Mabilung Energy Limited,Hydropower,2nd Quarter 2082/2083,2026-02-11,0.0,0.0,0.0,0.0,0.0,0.0,0.0,4504.13,0.0,0.0,0.0,0.0,1.2822,1.2822,0.0,,,SHARESANSAR_QUARTERLY_REPORT,https://www.sharesansar.com/company/MABEL
MAKAR,Makar Jitumaya Suri Hydropower Company Limited,Hydropower,3rd Quarter 2082/2083,2026-04-26,0.0,0.0,0.0,0.0,0.0,0.0,0.0,87117.47,0.0,0.0,0.0,0.0,29.375,29.375,0.0,,,SHARESANSAR_QUARTERLY_REPORT,https://www.sharesansar.com/company/MAKAR
MANDU,Mandu Hydropower Limited,Hydropower,2nd Quarter 2082/2083,2026-02-10,0.0,0.0,0.0,0.0,0.0,0.0,0.0,183087.93,0.0,0.0,0.0,0.0,1.3596,1.3596,0.0,,,SHARESANSAR_QUARTERLY_REPORT,https://www.sharesansar.com/company/MANDU
MATRI,Matribhumi Laghubitta Bittiya Sanstha Limited,Microfinance,2nd Quarter 2082/2083,2026-02-12,11.25,86.66,8.13,0.0,313869.13,0.0,0.0,35349.42,11.2625,9.38,0.55,16.0319,0.0,0.0,119.9,10.48,,SHARESANSAR_QUARTERLY_REPORT,https://www.sharesansar.com/company/MATRI
MBL,Machhapuchchhre Bank Limited,Commercial Bank,3rd Quarter 2082/2083,2026-04-28,15.65,16.1,1.5,0.0,5611201.3,0.0,0.0,1658659.81,29.5598,9.31,0.89,9.6946,0.0,0.0,168.05,4.01,,SHARESANSAR_QUARTERLY_REPORT,https://www.sharesansar.com/company/MBL
MCHL,Menchhiyam Hydropower  Limited,Hydropower,2nd Quarter 2082/2083,2026-02-18,0.0,0.0,0.0,0.0,0.0,0.0,0.0,14347.14,0.0,0.0,0.0,0.0,0.4215,0.4215,0.0,,,SHARESANSAR_QUARTERLY_REPORT,https://www.sharesansar.com/company/MCHL
MDB,Miteri Development Bank Limited,Development Bank,3rd Quarter 2082/2083,2026-04-16,10.54,59.0,4.46,0.0,249808.38,0.0,0.0,96218.8,38.517,7.56,1.24,5.1206,0.0,0.0,139.36,0.48,,SHARESANSAR_QUARTERLY_REPORT,https://www.sharesansar.com/company/MDB
MEHL,Manakamana Engineering Hydropower Limited,Hydropower,2nd Quarter 2082/2083,2026-02-18,0.0,0.0,0.0,0.0,0.0,0.0,0.0,18646.93,0.0,0.0,0.0,0.0,0.8553,0.8553,0.0,,,SHARESANSAR_QUARTERLY_REPORT,https://www.sharesansar.com/company/MEHL
MEL,Modi Energy Limited,Hydropower,2nd Quarter 2082/2083,2026-02-10,0.0,0.0,0.0,0.0,0.0,0.0,0.0,-62453.0,0.0,0.0,0.0,0.0,0.6057,0.6057,0.0,,,SHARESANSAR_QUARTERLY_REPORT,https://www.sharesansar.com/company/MEL
MEN,Mountain Energy Nepal Limited,Hydropower,2nd Quarter 2082/2083,2026-02-09,0.0,0.0,0.0,0.0,0.0,0.0,0.0,541449.55,0.0,0.0,0.0,0.0,3.6201,3.6201,0.0,,,SHARESANSAR_QUARTERLY_REPORT,https://www.sharesansar.com/company/MEN
MERO,Mero Microfinance Laghubitta Bittiya Sanstha Limited,Microfinance,3rd Quarter 2082/2083,2026-05-03,13.33,56.05,4.92,0.0,919083.47,0.0,0.0,148575.61,16.1656,8.78,1.08,7.1102,0.0,0.0,151.87,18.84,,SHARESANSAR_QUARTERLY_REPORT,https://www.sharesansar.com/company/MERO
MFIL,Manjushree Finance Limited,Finance,3rd Quarter 2082/2083,2026-04-22,21.6,38.85,4.61,0.0,775018.02,0.0,0.0,218910.21,28.2458,11.85,1.07,10.1263,0.0,0.0,182.2,3.99,,SHARESANSAR_QUARTERLY_REPORT,https://www.sharesansar.com/company/MFIL
MHCL,Molung Hydropower Company Limited,Hydropower,2nd Quarter 2082/2083,2026-02-11,0.0,0.0,0.0,0.0,0.0,0.0,0.0,67441.34,0.0,0.0,0.0,0.0,5.7419,5.7419,0.0,,,SHARESANSAR_QUARTERLY_REPORT,https://www.sharesansar.com/company/MHCL
MHL,Mandakini Hydropower Limited,Hydropower,2nd Quarter 2082/2083,2026-02-12,0.0,0.0,0.0,0.0,0.0,0.0,0.0,36036.71,0.0,0.0,0.0,0.0,4.0013,4.0013,0.0,,,SHARESANSAR_QUARTERLY_REPORT,https://www.sharesansar.com/company/MHL
MHNL,Mountain Hydro Nepal Limited,Hydropower,2nd Quarter 2082/2083,2026-02-13,0.0,0.0,0.0,0.0,0.0,0.0,0.0,7140.1,0.0,0.0,0.0,0.0,0.125,0.125,0.0,,,SHARESANSAR_QUARTERLY_REPORT,https://www.sharesansar.com/company/MHNL
MKCL,Muktinath Krishi Company Limited,Others,2nd Quarter 2082/2083,2026-02-11,0.0,0.0,0.0,0.0,290893.26,0.0,0.0,17726.74,6.0939,0.0,0.0,0.5749,0.0,0.0,0.0,,,SHARESANSAR_QUARTERLY_REPORT,https://www.sharesansar.com/company/MKCL
MKHC,Maya Khola Hydropower Company Limited,Hydropower,2nd Quarter 2082/2083,2026-02-08,0.0,0.0,0.0,0.0,0.0,0.0,0.0,43818.0,0.0,0.0,0.0,0.0,0.5037,0.5037,0.0,,,SHARESANSAR_QUARTERLY_REPORT,https://www.sharesansar.com/company/MKHC
MKHL,Mai Khola Hydropower Limited,Hydropower,2nd Quarter 2082/2083,2026-02-11,0.0,0.0,0.0,0.0,0.0,0.0,0.0,-6352.98,0.0,0.0,0.0,0.0,1.1062,1.1062,0.0,,,SHARESANSAR_QUARTERLY_REPORT,https://www.sharesansar.com/company/MKHL
MLBBL,Mithila Laghubitta Bittiya Sanstha Limited,Microfinance,2nd Quarter 2082/2083,2026-04-12,47.22,27.85,5.88,0.0,145091.35,0.0,0.0,52871.73,36.4403,21.11,3.05,5.9121,0.0,0.0,223.65,8.39,,SHARESANSAR_QUARTERLY_REPORT,https://www.sharesansar.com/company/MLBBL
MLBL,Mahalaxmi Bikas Bank Limited,Development Bank,3rd Quarter 2082/2083,2026-04-28,13.59,27.61,2.32,0.0,1808148.63,0.0,0.0,459963.15,25.4383,8.39,0.98,7.6006,0.0,0.0,162.01,6.59,,SHARESANSAR_QUARTERLY_REPORT,https://www.sharesansar.com/company/MLBL
MLBS,Manushi Laghubitta Bittiya Sanstha Limited,Microfinance,2nd Quarter 2082/2083,2026-02-10,16.22,86.95,10.23,0.0,63686.44,0.0,0.0,8868.4,13.9251,11.77,1.09,9.7727,0.0,0.0,137.81,5.97,,SHARESANSAR_QUARTERLY_REPORT,https://www.sharesansar.com/company/MLBS
MLBSL,Mahila Laghubitta Bittiya Sanstha Limited,Microfinance,2nd Quarter 2082/2083,2026-02-13,33.06,57.47,7.36,0.0,192109.61,0.0,0.0,35966.71,18.722,12.81,1.25,9.2747,0.0,0.0,258.1,4.77,,SHARESANSAR_QUARTERLY_REPORT,https://www.sharesansar.com/company/MLBSL
MNBBL,Muktinath Bikas Bank Limited,Development Bank,3rd Quarter 2082/2083,2026-04-28,15.71,24.13,2.44,0.0,3835464.0,0.0,0.0,942600.0,24.5759,10.13,0.93,9.8678,0.0,0.0,155.09,4.88,,SHARESANSAR_QUARTERLY_REPORT,https://www.sharesansar.com/company/MNBBL
MPFL,Multipurpose Finance Company Limited,Finance,3rd Quarter 2082/2083,2026-04-27,1.16,576.81,5.61,0.0,63618.52,0.0,0.0,5323.78,8.3683,0.98,0.16,5.0861,0.0,0.0,119.31,7.44,,SHARESANSAR_QUARTERLY_REPORT,https://www.sharesansar.com/company/MPFL
MSHL,Mid Solu Hydropower Company Limited,Hydropower,2nd Quarter 2082/2083,2026-02-12,0.0,0.0,0.0,0.0,0.0,0.0,0.0,74601.02,0.0,0.0,0.0,0.0,7.0631,7.0631,0.0,,,SHARESANSAR_QUARTERLY_REPORT,https://www.sharesansar.com/company/MSHL
MSLB,Mahuli Laghubitta Bittiya Sanstha Limited,Microfinance,3rd Quarter 2082/2083,2026-04-30,42.26,30.89,6.21,0.0,396605.96,0.0,0.0,122811.2,30.9655,20.09,2.53,6.9285,0.0,0.0,210.37,8.17,,SHARESANSAR_QUARTERLY_REPORT,https://www.sharesansar.com/company/MSLB
NABBC,Narayani Development Bank Limited,Development Bank,3rd Quarter 2082/2083,2026-04-28,-9.48,0.0,31.8072,0.0,-2344.87,0.0,0.0,-49780.61,0.0,0.0,0.0,2.9717,0.0,0.0,32.98,59.37,,SHARESANSAR_QUARTERLY_REPORT,https://www.sharesansar.com/company/NABBC
NABIL,Nabil Bank Limited,Commercial Bank,3rd Quarter 2082/2083,2026-04-28,31.36,16.9,2.18,0.0,14897057.0,0.0,0.0,6764648.0,45.4093,12.89,1.26,9.1429,0.0,0.0,243.3,4.37,,SHARESANSAR_QUARTERLY_REPORT,https://www.sharesansar.com/company/NABIL
NADEP,NADEP Laghubitta Bittiya Sanstha Limited,Microfinance,2nd Quarter 2082/2083,2026-02-12,15.52,52.71,5.2,0.0,240235.57,0.0,0.0,37686.44,15.6873,9.86,1.1,7.9508,0.0,0.0,157.36,17.54,,SHARESANSAR_QUARTERLY_REPORT,https://www.sharesansar.com/company/NADEP
NBL,Nepal Bank Limited,Commercial Bank,3rd Quarter 2082/2083,2026-04-27,25.34,10.97,1.02,0.0,7997568.49,0.0,0.0,2792981.16,34.9229,9.29,0.83,10.2454,0.0,0.0,272.79,4.96,,SHARESANSAR_QUARTERLY_REPORT,https://www.sharesansar.com/company/NBL
NESDO,Nesdo Sambridha Laghubitta Bittiya Sanstha Limited,Microfinance,2nd Quarter 2082/2083,2026-04-07,63.99,23.55,5.58,0.0,164741.88,0.0,0.0,93216.06,56.5831,23.71,4.56,4.1982,0.0,0.0,269.94,21.6,,SHARESANSAR_QUARTERLY_REPORT,https://www.sharesansar.com/company/NESDO
NFS,Nepal Finance Limited,Finance,3rd Quarter 2082/2083,2026-04-28,-10.14,0.0,4.5629,0.0,66289.4,0.0,0.0,-78625.21,-118.609,0.0,0.0,4.9401,0.0,0.0,122.4,14.32,,SHARESANSAR_QUARTERLY_REPORT,https://www.sharesansar.com/company/NFS
NGPL,Ngadi Group Power Limited,Hydropower,2nd Quarter 2082/2083,2026-02-11,0.0,0.0,0.0,0.0,0.0,0.0,0.0,36164.79,0.0,0.0,0.0,0.0,6.6537,6.6537,0.0,,,SHARESANSAR_QUARTERLY_REPORT,https://www.sharesansar.com/company/NGPL
NHDL,Nepal Hydro Developer Limited,Hydropower,2nd Quarter 2082/2083,2026-02-09,0.0,0.0,0.0,0.0,0.0,0.0,0.0,44740.0,0.0,0.0,0.0,0.0,2.0128,2.0128,0.0,,,SHARESANSAR_QUARTERLY_REPORT,https://www.sharesansar.com/company/NHDL
NHPC,National Hydro Power Company Limited,Hydropower,1st Quarter 2082/2083,2026-02-12,0.0,0.0,0.0,0.0,0.0,0.0,0.0,10677.6,0.0,0.0,0.0,0.0,2.8236,2.8236,0.0,,,SHARESANSAR_QUARTERLY_REPORT,https://www.sharesansar.com/company/NHPC
NICA,NIC Asia Bank Limited,Commercial Bank,3rd Quarter 2082/2083,2026-04-28,1.25,295.0,2.13,0.0,7358958.29,0.0,0.0,140324.17,1.9068,0.73,0.05,13.9701,0.0,0.0,172.97,8.85,,SHARESANSAR_QUARTERLY_REPORT,https://www.sharesansar.com/company/NICA
NICLBSL,NIC Asia Laghubitta Bittiya Sanstha Limited,Microfinance,3rd Quarter 2082/2083,2026-04-16,8.2,74.19,4.78,0.0,858102.82,0.0,0.0,106916.0,12.4596,6.44,0.61,9.5516,0.0,0.0,127.35,16.59,,SHARESANSAR_QUARTERLY_REPORT,https://www.sharesansar.com/company/NICLBSL
NIMB,Nepal Investment Mega Bank Limited,Commercial Bank,3rd Quarter 2082/2083,2026-04-28,12.29,17.14,1.05,0.0,11210692.0,0.0,0.0,3146768.0,28.0693,6.16,0.68,8.0374,0.0,0.0,199.72,8.41,,SHARESANSAR_QUARTERLY_REPORT,https://www.sharesansar.com/company/NIMB
NMB,NMB Bank Limited,Commercial Bank,3rd Quarter 2082/2083,2026-04-28,16.87,14.72,1.41,0.0,9346595.0,0.0,0.0,2687786.0,28.7568,9.6,0.95,9.1731,0.0,0.0,175.79,4.95,,SHARESANSAR_QUARTERLY_REPORT,https://www.sharesansar.com/company/NMB
NMBMF,NMB Laghubitta Bittiya Sanstha Limited,Microfinance,2nd Quarter 2082/2083,2026-04-10,9.67,75.57,5.2,0.0,316220.06,0.0,0.0,34891.74,11.034,6.88,0.82,7.4215,0.0,0.0,140.61,4.83,,SHARESANSAR_QUARTERLY_REPORT,https://www.sharesansar.com/company/NMBMF
NMFBS,National Laghubitta Bittiya Sanstha Limited,Microfinance,2nd Quarter 2082/2083,2026-02-11,48.21,22.74,4.47,0.0,1032187.0,0.0,0.0,366699.0,35.5264,19.65,2.38,7.2527,0.0,0.0,245.37,4.81,,SHARESANSAR_QUARTERLY_REPORT,https://www.sharesansar.com/company/NMFBS
NMLBBL,Nerude Mirmire Laghubitta Bittiya Sanstha Limited,Microfinance,2nd Quarter 2082/2083,2026-02-08,11.18,56.29,2.96,0.0,773767.38,0.0,0.0,78150.52,10.1,5.26,0.73,6.2,0.0,0.0,212.76,25.75,,SHARESANSAR_QUARTERLY_REPORT,https://www.sharesansar.com/company/NMLBBL
NRM,Nepal Republic Media Limited,Others,1st Quarter 2082/2083,2026-02-23,0.0,0.0,0.0,0.0,28685.01,0.0,0.0,-15532.08,-54.147,0.0,0.0,0.434,0.0,0.0,0.0,,,SHARESANSAR_QUARTERLY_REPORT,https://www.sharesansar.com/company/NRM
NTC,Nepal Doorsanchar Company Limited,Others,2nd Quarter 2082/2083,2026-02-12,0.0,18.3,1.57,0.0,0.0,0.0,0.0,5914299000.0,0.0,8.58,6.17,0.39,0.0,0.0,0.0,,,SHARESANSAR_QUARTERLY_REPORT,https://www.sharesansar.com/company/NTC
NUBL,Nirdhan Utthan Laghubitta Bittiya Sanstha Limited,Microfinance,2nd Quarter 2082/2083,2026-02-11,8.73,81.09,3.32,0.0,1072410.22,0.0,0.0,119738.14,11.1653,4.1,0.83,3.936,0.0,0.0,213.17,14.12,,SHARESANSAR_QUARTERLY_REPORT,https://www.sharesansar.com/company/NUBL
NWCL,Nepal Warehousing Company Limited,Others,2nd Quarter 2082/2083,2026-02-08,0.0,0.0,0.0,0.0,42468.05,0.0,0.0,-20935.14,-49.2962,0.0,0.0,1.4882,0.0,0.0,0.0,,,SHARESANSAR_QUARTERLY_REPORT,https://www.sharesansar.com/company/NWCL
NYADI,Nyadi Hydropower  Limited,Hydropower,2nd Quarter 2082/2083,2026-02-12,0.0,0.0,0.0,0.0,0.0,0.0,0.0,115946.0,0.0,0.0,0.0,0.0,1.4046,1.4046,0.0,,,SHARESANSAR_QUARTERLY_REPORT,https://www.sharesansar.com/company/NYADI
OHL,Oriental Hotel Limited,Hotel & Tourism,2nd Quarter 2082/2083,2026-02-12,0.0,0.0,2.14,0.0,0.0,0.0,0.0,-27431.45,0.0,0.0,0.0,0.0,1.5904,1.5904,0.0,,,SHARESANSAR_QUARTERLY_REPORT,https://www.sharesansar.com/company/OHL
PCBL,Prime Commercial Bank Limited,Commercial Bank,3rd Quarter 2082/2083,2026-04-28,19.66,12.49,1.43,0.0,8212753.9,0.0,0.0,3089335.32,37.6163,11.48,1.27,8.0662,0.0,0.0,171.28,6.39,,SHARESANSAR_QUARTERLY_REPORT,https://www.sharesansar.com/company/PCBL
PFL,Pokhara Finance Limited,Finance,3rd Quarter 2082/2083,2026-04-28,9.0,43.66,6.2,0.0,141065.23,0.0,0.0,73077.48,51.804,14.2,1.2,10.8582,0.0,0.0,63.41,34.34,,SHARESANSAR_QUARTERLY_REPORT,https://www.sharesansar.com/company/PFL
PHCL,Peoples Hydropower Company Limited,Hydropower,2nd Quarter 2082/2083,2026-02-09,0.0,0.0,0.0,0.0,0.0,0.0,0.0,2540.56,0.0,0.0,0.0,0.0,2.8035,2.8035,0.0,,,SHARESANSAR_QUARTERLY_REPORT,https://www.sharesansar.com/company/PHCL
PMHPL,Panchakanya Mai Hydropower Limited,Hydropower,2nd Quarter 2082/2083,2026-02-06,0.0,0.0,0.0,0.0,0.0,0.0,0.0,83956.08,0.0,0.0,0.0,0.0,0.8312,0.8312,0.0,,,SHARESANSAR_QUARTERLY_REPORT,https://www.sharesansar.com/company/PMHPL
PPCL,Panchthar Power Company Limited,Hydropower,3rd Quarter 2082/2083,2026-05-05,0.0,0.0,0.0,0.0,0.0,0.0,0.0,60193.88,0.0,0.0,0.0,0.0,0.2697,0.2697,0.0,,,SHARESANSAR_QUARTERLY_REPORT,https://www.sharesansar.com/company/PPCL
PPL,People's Power Limited,Hydropower,2nd Quarter 2082/2083,2026-02-16,0.0,0.0,0.0,0.0,0.0,0.0,0.0,-2222.0,0.0,0.0,0.0,0.0,69.1521,69.1521,0.0,,,SHARESANSAR_QUARTERLY_REPORT,https://www.sharesansar.com/company/PPL
PROFL,Progressive Finance Limited,Finance,3rd Quarter 2082/2083,2026-04-28,-2.92,0.0,5.7961,0.0,159654.7,0.0,0.0,-24743.25,-15.498,0.0,0.0,12.5773,0.0,0.0,75.05,5.58,,SHARESANSAR_QUARTERLY_REPORT,https://www.sharesansar.com/company/PROFL
PRVU,Prabhu Bank Limited,Commercial Bank,3rd Quarter 2082/2083,2026-04-28,4.82,43.34,1.43,0.0,8852370.0,0.0,0.0,851523.0,9.6192,3.3,0.28,10.673,0.0,0.0,146.26,8.84,,SHARESANSAR_QUARTERLY_REPORT,https://www.sharesansar.com/company/PRVU
PURE,Pure Energy Limited,Hydropower,1st Quarter 2082/2083,2026-02-10,0.0,0.0,0.0,0.0,0.0,0.0,0.0,9005.48,0.0,0.0,0.0,0.0,0.5136,0.5136,0.0,,,SHARESANSAR_QUARTERLY_REPORT,https://www.sharesansar.com/company/PURE
RAWA,Rawa Energy Development Ltd.,Hydropower,2nd Quarter 2082/2083,2026-02-17,0.0,0.0,0.0,0.0,0.0,0.0,0.0,22449.66,0.0,0.0,0.0,0.0,2.9376,2.9376,0.0,,,SHARESANSAR_QUARTERLY_REPORT,https://www.sharesansar.com/company/RAWA
RFPL,River Falls Power Limited,Hydropower,2nd Quarter 2082/2083,2026-02-12,0.0,0.0,0.0,0.0,0.0,0.0,0.0,32363.99,0.0,0.0,0.0,0.0,5.7842,5.7842,0.0,,,SHARESANSAR_QUARTERLY_REPORT,https://www.sharesansar.com/company/RFPL
RHGCL,Rapti Hydro & General Construction Limited,Hydropower,2nd Quarter 2082/2083,2026-02-12,0.0,0.0,0.0,0.0,0.0,0.0,0.0,106.2,0.0,0.0,0.0,0.0,4.2341,4.2341,0.0,,,SHARESANSAR_QUARTERLY_REPORT,https://www.sharesansar.com/company/RHGCL
RHPL,Rasuwagadhi Hydropower Company Limited,Hydropower,2nd Quarter 2082/2083,2026-02-11,0.0,0.0,0.0,0.0,0.0,0.0,0.0,-1081475.0,0.0,0.0,0.0,0.0,0.3048,0.3048,0.0,,,SHARESANSAR_QUARTERLY_REPORT,https://www.sharesansar.com/company/RHPL
RIDI,Ridi Power Company Limited,Hydropower,2nd Quarter 2082/2083,2026-02-13,0.0,0.0,0.0,0.0,0.0,0.0,0.0,37806.19,0.0,0.0,0.0,0.0,6.9022,6.9022,0.0,,,SHARESANSAR_QUARTERLY_REPORT,https://www.sharesansar.com/company/RIDI
RLEL,Ridge Line Energy Limited,Hydropower,3rd Quarter 2082/2083,2026-05-05,0.0,0.0,0.0,0.0,0.0,0.0,0.0,93909.26,0.0,0.0,0.0,0.0,5.5193,5.5193,0.0,,,SHARESANSAR_QUARTERLY_REPORT,https://www.sharesansar.com/company/RLEL
RLFL,Reliance Finance Limited,Finance,3rd Quarter 2082/2083,2026-04-28,4.51,101.08,3.94,0.0,270914.0,0.0,0.0,37901.0,13.99,3.89,0.44,7.8585,0.0,0.0,115.8,5.14,,SHARESANSAR_QUARTERLY_REPORT,https://www.sharesansar.com/company/RLFL
RSDC,RSDC Laghubitta Bittiya Sanstha Limited,Microfinance,3rd Quarter 2082/2083,2026-04-17,8.46,82.93,5.65,0.0,150600.84,0.0,0.0,65647.5,43.5904,6.82,1.46,3.6591,0.0,0.0,124.07,3.46,,SHARESANSAR_QUARTERLY_REPORT,https://www.sharesansar.com/company/RSDC
SABBL,Salapa Bikas Bank Limited,Development Bank,3rd Quarter 2082/2083,2026-04-26,-0.61,0.0,11.5952,0.0,57714.43,0.0,0.0,-3189.37,-5.5261,0.0,0.0,2.8105,0.0,0.0,103.75,3.35,,SHARESANSAR_QUARTERLY_REPORT,https://www.sharesansar.com/company/SABBL
SADBL,Shangrila Development Bank Limited,Development Bank,3rd Quarter 2082/2083,2026-04-28,17.3,24.56,2.68,0.0,1798341.64,0.0,0.0,484531.08,26.9432,10.9,1.01,9.8203,0.0,0.0,158.79,7.87,,SHARESANSAR_QUARTERLY_REPORT,https://www.sharesansar.com/company/SADBL
SANIMA,Sanima Bank Limited,Commercial Bank,3rd Quarter 2082/2083,2026-04-24,21.45,16.31,1.8,0.0,6117411.7,0.0,0.0,2350202.92,38.4183,11.04,1.14,9.3914,0.0,0.0,194.28,3.99,,SHARESANSAR_QUARTERLY_REPORT,https://www.sharesansar.com/company/SANIMA
SANVI,Sanvi Energy Limited,Hydropower,1st Quarter 2082/2083,2026-03-27,0.0,0.0,0.0,0.0,0.0,0.0,0.0,38123.09,0.0,0.0,0.0,0.0,1.4154,1.4154,0.0,,,SHARESANSAR_QUARTERLY_REPORT,https://www.sharesansar.com/company/SANVI
SAPDBL,Saptakoshi Development Bank Limited,Development Bank,3rd Quarter 2082/2083,2026-04-28,9.43,90.96,11.77,0.0,183025.12,0.0,0.0,59024.77,32.2495,12.94,0.83,14.6148,0.0,0.0,72.9,7.6,,SHARESANSAR_QUARTERLY_REPORT,https://www.sharesansar.com/company/SAPDBL
SBI,Nepal SBI Bank Limited,Commercial Bank,3rd Quarter 2082/2083,2026-04-28,17.19,23.55,2.14,0.0,4896145.71,0.0,0.0,1461785.73,29.8558,9.07,0.77,10.8551,0.0,0.0,189.57,2.53,,SHARESANSAR_QUARTERLY_REPORT,https://www.sharesansar.com/company/SBI
SBL,Siddhartha Bank Limited,Commercial Bank,3rd Quarter 2082/2083,2026-04-28,15.56,25.2,1.81,0.0,7938404.58,0.0,0.0,2014855.23,25.3811,7.18,0.73,9.3051,0.0,0.0,216.73,3.71,,SHARESANSAR_QUARTERLY_REPORT,https://www.sharesansar.com/company/SBL
SCB,Standard Chartered Bank Nepal Limited,Commercial Bank,3rd Quarter 2082/2083,2026-04-28,27.64,23.55,2.98,0.0,4014988.0,0.0,0.0,2081621.0,51.8463,12.64,1.19,6.993,0.0,0.0,218.59,1.81,,SHARESANSAR_QUARTERLY_REPORT,https://www.sharesansar.com/company/SCB
SGHC,Swet-Ganga Hydropower & Construction Limited,Hydropower,2nd Quarter 2082/2083,2026-05-06,0.0,0.0,0.0,0.0,0.0,0.0,0.0,159262.37,0.0,0.0,0.0,0.0,0.5416,0.5416,0.0,,,SHARESANSAR_QUARTERLY_REPORT,https://www.sharesansar.com/company/SGHC
SHEL,Singati Hydro Energy Limited,Hydropower,2nd Quarter 2082/2083,2026-02-03,0.0,0.0,0.0,0.0,0.0,0.0,0.0,196925.16,0.0,0.0,0.0,0.0,0.7251,0.7251,0.0,,,SHARESANSAR_QUARTERLY_REPORT,https://www.sharesansar.com/company/SHEL
SHINE,Shine Resunga Development Bank Limited,Development Bank,3rd Quarter 2082/2083,2026-04-28,20.93,19.73,2.7,0.0,2290111.19,0.0,0.0,788404.48,34.4265,13.68,1.24,10.0034,0.0,0.0,153.05,4.92,,SHARESANSAR_QUARTERLY_REPORT,https://www.sharesansar.com/company/SHINE
SHL,Soaltee Hotel Limited,Hotel & Tourism,2nd Quarter 2082/2083,2026-02-11,0.0,73.21,17.32,0.0,0.0,0.0,0.0,347568.7,0.0,23.66,18.23,0.0,1.1252,1.1252,0.0,,,SHARESANSAR_QUARTERLY_REPORT,https://www.sharesansar.com/company/SHL
SHLB,Shrijanshil Laghubitta Bittiya Sanstha Limited,Microfinance,2nd Quarter 2082/2083,2026-02-12,-36.73,0.0,6.1745,0.0,98497.72,0.0,0.0,-20084.45,-20.3908,0.0,0.0,10.4265,0.0,0.0,240.02,14.79,,SHARESANSAR_QUARTERLY_REPORT,https://www.sharesansar.com/company/SHLB
SHPC,Sanima Mai Hydropower Limited,Hydropower,2nd Quarter 2082/2083,2026-03-17,0.0,0.0,0.0,0.0,0.0,0.0,0.0,125618.75,0.0,0.0,0.0,0.0,0.8748,0.8748,0.0,,,SHARESANSAR_QUARTERLY_REPORT,https://www.sharesansar.com/company/SHPC
SIFC,Shree Investment Finance Company Limited,Finance,3rd Quarter 2082/2083,2026-04-28,3.38,164.43,4.0,0.0,181526.75,0.0,0.0,25360.88,13.9709,2.43,0.32,6.5027,0.0,0.0,139.08,4.02,,SHARESANSAR_QUARTERLY_REPORT,https://www.sharesansar.com/company/SIFC
SIKLES,Sikles Hydropower Limited,Hydropower,2nd Quarter 2082/2083,2026-02-12,0.0,0.0,0.0,0.0,0.0,0.0,0.0,105981.3,0.0,0.0,0.0,0.0,0.6657,0.6657,0.0,,,SHARESANSAR_QUARTERLY_REPORT,https://www.sharesansar.com/company/SIKLES
SINDU,Sindhu Bikas Bank Limited,Development Bank,3rd Quarter 2082/2083,2026-04-28,-5.93,0.0,7.6342,0.0,114606.95,0.0,0.0,-33073.69,-28.8584,0.0,0.0,11.1989,0.0,0.0,91.3,7.92,,SHARESANSAR_QUARTERLY_REPORT,https://www.sharesansar.com/company/SINDU
SKBBL,Sana Kisan Bikas Laghubitta Bittiya Sanstha Limited,Microfinance,3rd Quarter 2082/2083,2026-04-29,13.08,59.03,3.54,0.0,964977.46,0.0,0.0,483277.43,50.0817,5.99,1.59,2.777,0.0,0.0,218.4,4.12,,SHARESANSAR_QUARTERLY_REPORT,https://www.sharesansar.com/company/SKBBL
SKHEL,Suryakunda Hydro Electric Limited,Hydropower,3rd Quarter 2082/2083,2026-05-05,0.0,0.0,0.0,0.0,0.0,0.0,0.0,-22608.47,0.0,0.0,0.0,0.0,0.7852,0.7852,0.0,,,SHARESANSAR_QUARTERLY_REPORT,https://www.sharesansar.com/company/SKHEL
SLBBL,Swarojgar Laghubitta Bittiya Sanstha Limited,Microfinance,2nd Quarter 2082/2083,2026-02-02,32.53,25.12,4.71,0.0,400842.11,0.0,0.0,127495.56,31.8069,18.73,2.33,7.0352,0.0,0.0,173.65,7.55,,SHARESANSAR_QUARTERLY_REPORT,https://www.sharesansar.com/company/SLBBL
SLBSL,Samudayik Laghubitta Bittiya Sanstha Limited,Microfinance,3rd Quarter 2082/2083,2026-05-06,45.93,28.8,9.66,0.0,146001.77,0.0,0.0,58835.59,40.2979,33.55,3.31,9.146,0.0,0.0,136.91,6.78,,SHARESANSAR_QUARTERLY_REPORT,https://www.sharesansar.com/company/SLBSL
SMATA,Samata Gharelu Laghubitta Bittiya Sanstha Limited,Microfinance,2nd Quarter 2082/2083,2026-02-05,17.12,45.27,5.71,0.0,226258.15,0.0,0.0,56536.45,24.9876,12.61,1.77,6.1445,0.0,0.0,135.74,13.32,,SHARESANSAR_QUARTERLY_REPORT,https://www.sharesansar.com/company/SMATA
SMB,Support Laghubitta Bittiya Sanstha Limited,Microfinance,3rd Quarter 2082/2083,2026-04-28,46.53,38.92,9.88,0.0,135462.52,0.0,0.0,46784.43,34.5368,25.37,2.7,8.3956,0.0,0.0,183.37,3.31,,SHARESANSAR_QUARTERLY_REPORT,https://www.sharesansar.com/company/SMB
SMFBS,Swabhimaan Laghubitta Bittiya Sanstha Limited,Microfinance,2nd Quarter 2082/2083,2026-02-08,38.11,44.08,8.15,0.0,117093.33,0.0,0.0,29242.8,24.9739,18.49,1.71,9.793,0.0,0.0,206.18,4.95,,SHARESANSAR_QUARTERLY_REPORT,https://www.sharesansar.com/company/SMFBS
SMH,Supermai Hydropower  Limited,Hydropower,2nd Quarter 2082/2083,2026-02-12,0.0,0.0,0.0,0.0,0.0,0.0,0.0,68900.05,0.0,0.0,0.0,0.0,22.243,22.243,0.0,,,SHARESANSAR_QUARTERLY_REPORT,https://www.sharesansar.com/company/SMH
SMHL,Super Madi Hydropower Limited,Hydropower,3rd Quarter 2082/2083,2026-05-05,0.0,0.0,0.0,0.0,0.0,0.0,0.0,244182.55,0.0,0.0,0.0,0.0,1.1768,1.1768,0.0,,,SHARESANSAR_QUARTERLY_REPORT,https://www.sharesansar.com/company/SMHL
SMPDA,Sampada Laghubitta Bittiya Sanstha Limited,Microfinance,2nd Quarter 2082/2083,2026-05-05,24.55,35.32,5.48,0.0,398092.34,0.0,0.0,86030.02,21.6106,15.52,1.61,8.6176,0.0,0.0,158.15,7.15,,SHARESANSAR_QUARTERLY_REPORT,https://www.sharesansar.com/company/SMPDA
SPC,Samling Power Company Limited,Hydropower,3rd Quarter 2082/2083,2026-05-05,0.0,0.0,0.0,0.0,0.0,0.0,0.0,-1298.44,0.0,0.0,0.0,0.0,0.5841,0.5841,0.0,,,SHARESANSAR_QUARTERLY_REPORT,https://www.sharesansar.com/company/SPC
SPDL,Synergy Power Development Limited,Hydropower,2nd Quarter 2082/2083,2026-02-12,0.0,0.0,0.0,0.0,0.0,0.0,0.0,55538.51,0.0,0.0,0.0,0.0,4.19,4.19,0.0,,,SHARESANSAR_QUARTERLY_REPORT,https://www.sharesansar.com/company/SPDL
SPHL,Sayapatri Hydropower Limited,Hydropower,2nd Quarter 2082/2083,2026-02-13,0.0,0.0,0.0,0.0,0.0,0.0,0.0,15865.81,0.0,0.0,0.0,0.0,1.5885,1.5885,0.0,,,SHARESANSAR_QUARTERLY_REPORT,https://www.sharesansar.com/company/SPHL
SPL,Shuvam Power Limited,Hydropower,2nd Quarter 2082/2083,2026-02-25,0.0,0.0,0.0,0.0,0.0,0.0,0.0,12416.53,0.0,0.0,0.0,0.0,2.9669,2.9669,0.0,,,SHARESANSAR_QUARTERLY_REPORT,https://www.sharesansar.com/company/SPL
SSHL,Shiva Shree Hydropower Limited,Hydropower,2nd Quarter 2082/2083,2026-02-10,0.0,0.0,0.0,0.0,0.0,0.0,0.0,-22967.26,0.0,0.0,0.0,0.0,1.1744,1.1744,0.0,,,SHARESANSAR_QUARTERLY_REPORT,https://www.sharesansar.com/company/SSHL
STC,Salt Trading Corporation Limited,Trading,4th Quarter 2081/2082,2026-02-18,0.0,0.0,0.0,0.0,9386504.18,0.0,0.0,71097.8,0.7574,0.0,0.0,3.292,0.0,0.0,0.0,,,SHARESANSAR_QUARTERLY_REPORT,https://www.sharesansar.com/company/STC
SWASTIK,Swastik Laghubitta Bittiya Sanstha Limited,Microfinance,1st Quarter 2082/2083,2025-11-18,27.65,88.0759,16.2321,0.0,23444.21,0.0,0.0,3991.37,17.025,18.43,2.02,8.1316,0.0,0.0,150.03,12.76,,SHARESANSAR_QUARTERLY_REPORT,https://www.sharesansar.com/company/SWASTIK
SWBBL,Swabalamban Laghubitta Bittiya Sanstha Limited,Microfinance,2nd Quarter 2082/2083,2026-03-23,19.73,37.2,3.36,0.0,1122043.3,0.0,0.0,172629.13,15.3852,9.03,1.37,5.5988,0.0,0.0,218.53,11.77,,SHARESANSAR_QUARTERLY_REPORT,https://www.sharesansar.com/company/SWBBL
SWMF,Suryodaya Womi Laghubitta Bittiya Sanstha Limited,Microfinance,2nd Quarter 2082/2083,2026-02-12,21.18,31.17,4.51,0.0,497693.54,0.0,0.0,117142.13,23.537,14.47,1.85,6.8107,0.0,0.0,146.33,12.86,,SHARESANSAR_QUARTERLY_REPORT,https://www.sharesansar.com/company/SWMF
TAMOR,Sanima Middle Tamor Hydropower Limited,Hydropower,2nd Quarter 2082/2083,2026-02-10,0.0,0.0,0.0,0.0,0.0,0.0,0.0,181010.57,0.0,0.0,0.0,0.0,1.3569,1.3569,0.0,,,SHARESANSAR_QUARTERLY_REPORT,https://www.sharesansar.com/company/TAMOR
TPC,Terhathum Power Company Limited,Hydropower,2nd Quarter 2082/2083,2026-02-08,0.0,0.0,0.0,0.0,0.0,0.0,0.0,66148.26,0.0,0.0,0.0,0.0,2.4093,2.4093,0.0,,,SHARESANSAR_QUARTERLY_REPORT,https://www.sharesansar.com/company/TPC
TRH,Taragaon Regency Hotel Limited,Hotel & Tourism,2nd Quarter 2082/2083,2026-02-12,0.0,0.0,4.7,0.0,0.0,0.0,0.0,-90830.99,0.0,0.0,0.0,0.0,2.0796,2.0796,0.0,,,SHARESANSAR_QUARTERLY_REPORT,https://www.sharesansar.com/company/TRH
TSHL,Three Star Hydropower Limited,Hydropower,2nd Quarter 2082/2083,2026-02-12,0.0,0.0,0.0,0.0,0.0,0.0,0.0,-11333.38,0.0,0.0,0.0,0.0,0.2489,0.2489,0.0,,,SHARESANSAR_QUARTERLY_REPORT,https://www.sharesansar.com/company/TSHL
UHEWA,Upper Hewakhola Hydropower Company Limited,Hydropower,2nd Quarter 2082/2083,2026-02-11,0.0,0.0,0.0,0.0,0.0,0.0,0.0,74517.06,0.0,0.0,0.0,0.0,2.7092,2.7092,0.0,,,SHARESANSAR_QUARTERLY_REPORT,https://www.sharesansar.com/company/UHEWA
ULBSL,Upakar Laghubitta Bittiya Sanstha Limited,Microfinance,3rd Quarter 2082/2083,2026-05-07,38.5,85.45,11.88,0.0,153121.0,0.0,0.0,30652.02,20.0182,13.9,1.24,10.2162,0.0,0.0,276.96,10.74,,SHARESANSAR_QUARTERLY_REPORT,https://www.sharesansar.com/company/ULBSL
UMHL,United Modi Hydropower Limited,Hydropower,3rd Quarter 2082/2083,2026-04-28,0.0,0.0,0.0,0.0,0.0,0.0,0.0,50245.0,0.0,0.0,0.0,0.0,7.9014,7.9014,0.0,,,SHARESANSAR_QUARTERLY_REPORT,https://www.sharesansar.com/company/UMHL
UMRH,United Idi-Mardi and R.B. Hydropower Limited,Hydropower,2nd Quarter 2082/2083,2026-02-12,0.0,0.0,0.0,0.0,0.0,0.0,0.0,48246.62,0.0,0.0,0.0,0.0,0.6906,0.6906,0.0,,,SHARESANSAR_QUARTERLY_REPORT,https://www.sharesansar.com/company/UMRH
UNHPL,Union Hydropower Limited,Hydropower,2nd Quarter 2082/2083,2026-02-12,0.0,0.0,0.0,0.0,0.0,0.0,0.0,26352.33,0.0,0.0,0.0,0.0,19.9176,19.9176,0.0,,,SHARESANSAR_QUARTERLY_REPORT,https://www.sharesansar.com/company/UNHPL
UNLB,Unique Nepal Laghubitta Bittiya Sanstha Limited,Microfinance,3rd Quarter 2082/2083,2026-05-06,12.15,127.78,6.98,0.0,222425.26,0.0,0.0,13533.87,6.0847,5.46,0.48,10.3713,0.0,0.0,222.36,19.53,,SHARESANSAR_QUARTERLY_REPORT,https://www.sharesansar.com/company/UNLB
UPCL,Universal Power Company Limited,Hydropower,2nd Quarter 2082/2083,2026-02-12,0.0,0.0,0.0,0.0,0.0,0.0,0.0,83727.43,0.0,0.0,0.0,0.0,3.0495,3.0495,0.0,,,SHARESANSAR_QUARTERLY_REPORT,https://www.sharesansar.com/company/UPCL
UPPER,Upper Tamakoshi Hydropower Limited,Hydropower,2nd Quarter 2082/2083,2026-02-13,0.0,0.0,0.0,0.0,0.0,0.0,0.0,996539.15,0.0,0.0,0.0,0.0,1.4428,1.4428,0.0,,,SHARESANSAR_QUARTERLY_REPORT,https://www.sharesansar.com/company/UPPER
USHEC,Upper Solu Hydro Electric Company Limited,Hydropower,3rd Quarter 2082/2083,2026-05-05,0.0,0.0,0.0,0.0,0.0,0.0,0.0,206841.81,0.0,0.0,0.0,0.0,1.7671,1.7671,0.0,,,SHARESANSAR_QUARTERLY_REPORT,https://www.sharesansar.com/company/USHEC
USHL,Upper Syange Hydropower Limited,Hydropower,2nd Quarter 2082/2083,2026-02-12,0.0,0.0,0.0,0.0,0.0,0.0,0.0,4173.46,0.0,0.0,0.0,0.0,0.8012,0.8012,0.0,,,SHARESANSAR_QUARTERLY_REPORT,https://www.sharesansar.com/company/USHL
USLB,Unnati Sahakarya Laghubitta Bittiya Sanstha Limited,Microfinance,3rd Quarter 2082/2083,2026-05-07,23.94,57.96,8.22,0.0,224478.19,0.0,0.0,44325.54,19.746,14.18,1.38,9.3108,0.0,0.0,168.81,11.12,,SHARESANSAR_QUARTERLY_REPORT,https://www.sharesansar.com/company/USLB
VLBS,Vijaya Laghubitta Bittiya Sanstha Limited,Microfinance,2nd Quarter 2082/2083,2026-02-11,-0.22,0.0,4.1896,0.0,253133.83,0.0,0.0,-1673.47,-0.6611,0.0,0.0,7.9896,0.0,0.0,165.41,19.37,,SHARESANSAR_QUARTERLY_REPORT,https://www.sharesansar.com/company/VLBS
WNLB,Wean Nepal Laghubitta Bittiya Sanstha Limited,Microfinance,2nd Quarter 2082/2083,2026-02-12,-10.47,0.0,10.9705,0.0,41138.38,0.0,0.0,-8829.4,-21.4627,0.0,0.0,8.2521,0.0,0.0,127.25,8.4,,SHARESANSAR_QUARTERLY_REPORT,https://www.sharesansar.com/company/WNLB
